session_start	site_id	gr	ad	browser	revenue	sessions	transactions	conversions
2016-06-01T00:00:00.000Z	1	1	1			1	0	0
2016-06-01T00:00:00.000Z	1	1	1	Chrome	479.0	2	9	1
2016-06-01T00:00:00.000Z	1	1	1	IE		3	0	0
2016-06-01T00:00:00.000Z	1	1	2	Chrome	332.0	2	7	1
2016-06-01T00:00:00.000Z	1	1	2	FireFox		1	0	0
2016-06-01T00:00:00.000Z	1	1	2	IE		2	0	0
2016-06-01T00:00:00.000Z	1	1	3	Chrome		1	0	0
2016-06-01T00:00:00.000Z	1	1	3	IE		4	0	0
2016-06-01T00:00:00.000Z	1	2	-1	Chrome	355.0	4	8	1
2016-06-01T00:00:00.000Z	1	2	-1	FireFox		1	0	0
2016-06-01T00:00:00.000Z	1	2	-1	IE		4	0	0
2016-06-01T00:00:00.000Z	1	2	-1	Safari	523.0	1	10	1
2016-06-01T00:00:00.000Z	2	1	1		47.0	13	1	1
2016-06-01T00:00:00.000Z	2	1	-1	Chrome		2	0	0
2016-06-01T00:00:00.000Z	2	1	1	Chrome	8987.0	421	178	29
2016-06-01T00:00:00.000Z	2	1	1	FireFox	1537.0	54	35	6
2016-06-01T00:00:00.000Z	2	1	-1	FireFox		2	0	0
2016-06-01T00:00:00.000Z	2	1	1	IE	11111.0	388	221	35
2016-06-01T00:00:00.000Z	2	1	1	NA	135.0	8	2	1
2016-06-01T00:00:00.000Z	2	1	-1	Safari		1	0	0
2016-06-01T00:00:00.000Z	2	1	1	Safari	4623.0	64	85	7
2016-06-01T00:00:00.000Z	2	1	2		794.0	7	14	2
2016-06-01T00:00:00.000Z	2	1	2	Chrome	11092.0	381	222	30
2016-06-01T00:00:00.000Z	2	1	2	FireFox	924.0	58	19	5
2016-06-01T00:00:00.000Z	2	1	2	IE	14865.0	372	302	44
2016-06-01T00:00:00.000Z	2	1	2	NA	562.0	4	11	1
2016-06-01T00:00:00.000Z	2	1	2	Safari	651.0	53	15	2
2016-06-01T00:00:00.000Z	2	1	3			3	0	0
2016-06-01T00:00:00.000Z	2	1	3	Chrome	9851.0	296	200	31
2016-06-01T00:00:00.000Z	2	1	3	FireFox	1710.0	37	30	4
2016-06-01T00:00:00.000Z	2	1	3	IE	8800.0	298	182	23
2016-06-01T00:00:00.000Z	2	1	3	NA	346.0	6	4	1
2016-06-01T00:00:00.000Z	2	1	3	Safari	2085.0	51	46	6
2016-06-01T00:00:00.000Z	2	1		Chrome	625.0	12	16	1
2016-06-01T00:00:00.000Z	2	1		FireFox		3	0	0
2016-06-01T00:00:00.000Z	2	1		IE	255.0	14	3	1
2016-06-01T00:00:00.000Z	2	1		Safari		1	0	0
2016-06-01T00:00:00.000Z	2	2	-1		431.0	8	8	1
2016-06-01T00:00:00.000Z	2	2	-1	Chrome	10245.0	384	206	34
2016-06-01T00:00:00.000Z	2	2	1	Chrome		3	0	0
2016-06-01T00:00:00.000Z	2	2	-1	FireFox	2758.0	59	56	6
2016-06-01T00:00:00.000Z	2	2	1	IE		2	0	0
2016-06-01T00:00:00.000Z	2	2	-1	IE	9573.0	372	195	28
2016-06-01T00:00:00.000Z	2	2	-1	NA	1153.0	10	25	2
2016-06-01T00:00:00.000Z	2	2	-1	Safari	2124.0	71	40	6
2016-06-01T00:00:00.000Z	2	2	2	Chrome		1	0	0
2016-06-01T00:00:00.000Z	2	2	2	FireFox	171.0	1	3	1
2016-06-01T00:00:00.000Z	2	2	2	IE		3	0	0
2016-06-01T00:00:00.000Z	2	2	3	FireFox		1	0	0
2016-06-01T00:00:00.000Z	2	2		Chrome		5	0	0
2016-06-01T00:00:00.000Z	2	2		FireFox		3	0	0
2016-06-01T00:00:00.000Z	2	2		IE		1	0	0
2016-06-01T00:00:00.000Z	3	1	1		422.0	34	8	1
2016-06-01T00:00:00.000Z	3	1	1	Chrome	13372.0	1510	274	47
2016-06-01T00:00:00.000Z	3	1	-1	Chrome	166.0	8	7	1
2016-06-01T00:00:00.000Z	3	1	1	FireFox	2882.0	237	57	11
2016-06-01T00:00:00.000Z	3	1	-1	FireFox		4	0	0
2016-06-01T00:00:00.000Z	3	1	1	IE	14232.0	1445	299	41
2016-06-01T00:00:00.000Z	3	1	-1	IE		9	0	0
2016-06-01T00:00:00.000Z	3	1	1	NA		31	0	0
2016-06-01T00:00:00.000Z	3	1	1	Safari	3318.0	271	65	9
2016-06-01T00:00:00.000Z	3	1	2		138.0	26	3	1
2016-06-01T00:00:00.000Z	3	1	2	Chrome	12427.0	1185	257	45
2016-06-01T00:00:00.000Z	3	1	2	FireFox	1883.0	204	39	5
2016-06-01T00:00:00.000Z	3	1	2	IE	16495.0	1284	309	52
2016-06-01T00:00:00.000Z	3	1	2	NA	346.0	28	7	2
2016-06-01T00:00:00.000Z	3	1	2	Safari	4523.0	197	96	12
2016-06-01T00:00:00.000Z	3	1	3		899.0	16	17	1
2016-06-01T00:00:00.000Z	3	1	3	Chrome	13765.0	909	281	47
2016-06-01T00:00:00.000Z	3	1	3	FireFox	1987.0	142	40	6
2016-06-01T00:00:00.000Z	3	1	3	IE	11800.0	934	226	35
2016-06-01T00:00:00.000Z	3	1	3	NA	171.0	30	3	1
2016-06-01T00:00:00.000Z	3	1	3	Safari	1717.0	166	39	4
2016-06-01T00:00:00.000Z	3	1		Chrome	1134.0	42	20	5
2016-06-01T00:00:00.000Z	3	1		FireFox		3	0	0
2016-06-01T00:00:00.000Z	3	1		IE		32	0	0
2016-06-01T00:00:00.000Z	3	1		Safari		6	0	0
2016-06-01T00:00:00.000Z	3	2	1			1	0	0
2016-06-01T00:00:00.000Z	3	2	-1		391.0	31	12	2
2016-06-01T00:00:00.000Z	3	2	-1	Chrome	13605.0	1240	273	37
2016-06-01T00:00:00.000Z	3	2	1	Chrome		5	0	0
2016-06-01T00:00:00.000Z	3	2	-1	FireFox	601.0	176	8	2
2016-06-01T00:00:00.000Z	3	2	-1	IE	14025.0	1252	277	38
2016-06-01T00:00:00.000Z	3	2	1	IE	443.0	2	9	1
2016-06-01T00:00:00.000Z	3	2	-1	NA	528.0	19	11	1
2016-06-01T00:00:00.000Z	3	2	1	Safari		1	0	0
2016-06-01T00:00:00.000Z	3	2	-1	Safari	3663.0	224	72	11
2016-06-01T00:00:00.000Z	3	2	2	Chrome	288.0	2	4	2
2016-06-01T00:00:00.000Z	3	2	2	IE	166.0	2	7	1
2016-06-01T00:00:00.000Z	3	2	2	Safari		4	0	0
2016-06-01T00:00:00.000Z	3	2	3	Chrome		3	0	0
2016-06-01T00:00:00.000Z	3	2	3	IE	443.0	5	9	1
2016-06-01T00:00:00.000Z	3	2		Chrome	299.0	18	8	1
2016-06-01T00:00:00.000Z	3	2		FireFox		3	0	0
2016-06-01T00:00:00.000Z	3	2		IE		12	0	0
2016-06-01T00:00:00.000Z	3	2		Safari		4	0	0
2016-06-01T00:00:00.000Z	4	1	1			5	0	0
2016-06-01T00:00:00.000Z	4	1	-1	Chrome		1	0	0
2016-06-01T00:00:00.000Z	4	1	1	Chrome		215	0	0
2016-06-01T00:00:00.000Z	4	1	-1	FireFox		1	0	0
2016-06-01T00:00:00.000Z	4	1	1	FireFox		35	0	0
2016-06-01T00:00:00.000Z	4	1	1	IE		217	0	0
2016-06-01T00:00:00.000Z	4	1	-1	IE	393.0	2	9	1
2016-06-01T00:00:00.000Z	4	1	1	NA		2	0	0
2016-06-01T00:00:00.000Z	4	1	1	Safari		30	0	0
2016-06-01T00:00:00.000Z	4	1	2			7	0	0
2016-06-01T00:00:00.000Z	4	1	2	Chrome		152	0	0
2016-06-01T00:00:00.000Z	4	1	2	FireFox		27	0	0
2016-06-01T00:00:00.000Z	4	1	2	IE	393.0	150	9	1
2016-06-01T00:00:00.000Z	4	1	2	NA		3	0	0
2016-06-01T00:00:00.000Z	4	1	2	Safari		38	0	0
2016-06-01T00:00:00.000Z	4	1	3			2	0	0
2016-06-01T00:00:00.000Z	4	1	3	Chrome		142	0	0
2016-06-01T00:00:00.000Z	4	1	3	FireFox		20	0	0
2016-06-01T00:00:00.000Z	4	1	3	IE		133	0	0
2016-06-01T00:00:00.000Z	4	1	3	NA		5	0	0
2016-06-01T00:00:00.000Z	4	1	3	Safari		26	0	0
2016-06-01T00:00:00.000Z	4	1		Chrome		4	0	0
2016-06-01T00:00:00.000Z	4	1		FireFox		1	0	0
2016-06-01T00:00:00.000Z	4	1		IE		5	0	0
2016-06-01T00:00:00.000Z	4	2	-1			4	0	0
2016-06-01T00:00:00.000Z	4	2	1	Chrome	284.0	1	5	1
2016-06-01T00:00:00.000Z	4	2	-1	Chrome	284.0	179	5	1
2016-06-01T00:00:00.000Z	4	2	-1	FireFox		31	0	0
2016-06-01T00:00:00.000Z	4	2	-1	IE		167	0	0
2016-06-01T00:00:00.000Z	4	2	-1	NA		3	0	0
2016-06-01T00:00:00.000Z	4	2	-1	Safari		26	0	0
2016-06-01T00:00:00.000Z	4	2	3	IE		1	0	0
2016-06-01T00:00:00.000Z	4	2		Chrome		9	0	0
2016-06-01T00:00:00.000Z	4	2		FireFox		1	0	0
2016-06-01T00:00:00.000Z	4	2		IE		1	0	0
2016-06-01T01:00:00.000Z	1	1	1	Chrome	182.0	4	3	2
2016-06-01T01:00:00.000Z	1	1	1	FireFox		1	0	0
2016-06-01T01:00:00.000Z	1	1	1	IE		2	0	0
2016-06-01T01:00:00.000Z	1	1	1	Safari	1023.0	2	19	1
2016-06-01T01:00:00.000Z	1	1	2	Chrome		3	0	0
2016-06-01T01:00:00.000Z	1	1	2	IE		2	0	0
2016-06-01T01:00:00.000Z	1	1	2	Safari		1	0	0
2016-06-01T01:00:00.000Z	1	1	3	IE		1	0	0
2016-06-01T01:00:00.000Z	1	2	-1	Chrome		2	0	0
2016-06-01T01:00:00.000Z	1	2	-1	FireFox		2	0	0
2016-06-01T01:00:00.000Z	1	2	-1	IE		1	0	0
2016-06-01T01:00:00.000Z	1	2	-1	Safari		1	0	0
2016-06-01T01:00:00.000Z	2	1	1			11	0	0
2016-06-01T01:00:00.000Z	2	1	1	Chrome	15445.0	445	305	43
2016-06-01T01:00:00.000Z	2	1	-1	Chrome		2	0	0
2016-06-01T01:00:00.000Z	2	1	1	FireFox	2275.0	82	46	7
2016-06-01T01:00:00.000Z	2	1	1	IE	12104.0	434	243	33
2016-06-01T01:00:00.000Z	2	1	-1	IE		2	0	0
2016-06-01T01:00:00.000Z	2	1	1	NA	86.0	15	3	3
2016-06-01T01:00:00.000Z	2	1	1	Safari	2866.0	68	56	7
2016-06-01T01:00:00.000Z	2	1	2		2006.0	7	39	3
2016-06-01T01:00:00.000Z	2	1	2	Chrome	11762.0	314	235	26
2016-06-01T01:00:00.000Z	2	1	2	FireFox	825.0	50	16	4
2016-06-01T01:00:00.000Z	2	1	2	IE	14963.0	363	288	33
2016-06-01T01:00:00.000Z	2	1	2	NA		10	0	0
2016-06-01T01:00:00.000Z	2	1	2	Safari	1016.0	66	21	5
2016-06-01T01:00:00.000Z	2	1	3			7	0	0
2016-06-01T01:00:00.000Z	2	1	3	Chrome	9393.0	302	178	34
2016-06-01T01:00:00.000Z	2	1	3	FireFox	754.0	53	18	3
2016-06-01T01:00:00.000Z	2	1	3	IE	12310.0	291	265	37
2016-06-01T01:00:00.000Z	2	1	3	NA		8	0	0
2016-06-01T01:00:00.000Z	2	1	3	Safari	340.0	42	8	2
2016-06-01T01:00:00.000Z	2	1		Chrome	124.0	13	2	1
2016-06-01T01:00:00.000Z	2	1		FireFox		1	0	0
2016-06-01T01:00:00.000Z	2	1		IE	539.0	16	11	1
2016-06-01T01:00:00.000Z	2	1		Safari		1	0	0
2016-06-01T01:00:00.000Z	2	2	-1			3	0	0
2016-06-01T01:00:00.000Z	2	2	1	Chrome		1	0	0
2016-06-01T01:00:00.000Z	2	2	-1	Chrome	10898.0	374	223	32
2016-06-01T01:00:00.000Z	2	2	-1	FireFox	990.0	62	24	5
2016-06-01T01:00:00.000Z	2	2	-1	IE	10028.0	343	199	29
2016-06-01T01:00:00.000Z	2	2	1	IE	376.0	1	8	1
2016-06-01T01:00:00.000Z	2	2	-1	NA	132.0	6	3	1
2016-06-01T01:00:00.000Z	2	2	-1	Safari	2158.0	48	39	3
2016-06-01T01:00:00.000Z	2	2	2	Safari	122.0	1	4	1
2016-06-01T01:00:00.000Z	2	2	3	Chrome	1003.0	2	21	1
2016-06-01T01:00:00.000Z	2	2	3	FireFox	336.0	1	7	1
2016-06-01T01:00:00.000Z	2	2	3	IE	376.0	3	8	1
2016-06-01T01:00:00.000Z	2	2	3	Safari	677.0	1	8	1
2016-06-01T01:00:00.000Z	2	2		Chrome		6	0	0
2016-06-01T01:00:00.000Z	2	2		IE		8	0	0
2016-06-01T01:00:00.000Z	3	1	1			37	0	0
2016-06-01T01:00:00.000Z	3	1	-1	Chrome		13	0	0
2016-06-01T01:00:00.000Z	3	1	1	Chrome	14202.0	1472	289	45
2016-06-01T01:00:00.000Z	3	1	1	FireFox	4030.0	225	94	10
2016-06-01T01:00:00.000Z	3	1	1	IE	11322.0	1422	239	41
2016-06-01T01:00:00.000Z	3	1	-1	IE		8	0	0
2016-06-01T01:00:00.000Z	3	1	1	NA	453.0	26	8	1
2016-06-01T01:00:00.000Z	3	1	-1	Safari		1	0	0
2016-06-01T01:00:00.000Z	3	1	1	Safari	3533.0	216	67	9
2016-06-01T01:00:00.000Z	3	1	2		10.0	27	2	1
2016-06-01T01:00:00.000Z	3	1	2	Chrome	14152.0	1178	280	39
2016-06-01T01:00:00.000Z	3	1	2	FireFox	1687.0	222	32	6
2016-06-01T01:00:00.000Z	3	1	2	IE	8367.0	1228	178	34
2016-06-01T01:00:00.000Z	3	1	2	NA	98.0	35	2	1
2016-06-01T01:00:00.000Z	3	1	2	Safari	3771.0	217	76	8
2016-06-01T01:00:00.000Z	3	1	3			22	0	0
2016-06-01T01:00:00.000Z	3	1	3	Chrome	12943.0	924	270	38
2016-06-01T01:00:00.000Z	3	1	3	FireFox	1705.0	177	28	4
2016-06-01T01:00:00.000Z	3	1	3	IE	13491.0	931	273	34
2016-06-01T01:00:00.000Z	3	1	3	NA		26	0	0
2016-06-01T01:00:00.000Z	3	1	3	Safari	1150.0	153	20	3
2016-06-01T01:00:00.000Z	3	1		Chrome		32	0	0
2016-06-01T01:00:00.000Z	3	1		FireFox	146.0	9	3	2
2016-06-01T01:00:00.000Z	3	1		IE		48	0	0
2016-06-01T01:00:00.000Z	3	1		NA		1	0	0
2016-06-01T01:00:00.000Z	3	1		Safari	22.0	8	1	1
2016-06-01T01:00:00.000Z	3	2	-1			31	0	0
2016-06-01T01:00:00.000Z	3	2	-1	Chrome	10632.0	1283	232	35
2016-06-01T01:00:00.000Z	3	2	1	Chrome		4	0	0
2016-06-01T01:00:00.000Z	3	2	1	FireFox		3	0	0
2016-06-01T01:00:00.000Z	3	2	-1	FireFox	3785.0	201	67	11
2016-06-01T01:00:00.000Z	3	2	-1	IE	13430.0	1187	268	37
2016-06-01T01:00:00.000Z	3	2	1	IE		4	0	0
2016-06-01T01:00:00.000Z	3	2	-1	NA		33	0	0
2016-06-01T01:00:00.000Z	3	2	1	Safari		1	0	0
2016-06-01T01:00:00.000Z	3	2	-1	Safari	715.0	198	14	1
2016-06-01T01:00:00.000Z	3	2	2	Chrome	751.0	5	18	3
2016-06-01T01:00:00.000Z	3	2	2	IE	104.0	7	2	1
2016-06-01T01:00:00.000Z	3	2	2	NA		1	0	0
2016-06-01T01:00:00.000Z	3	2	2	Safari		1	0	0
2016-06-01T01:00:00.000Z	3	2	3	Chrome	683.0	4	14	1
2016-06-01T01:00:00.000Z	3	2	3	FireFox	206.0	1	4	1
2016-06-01T01:00:00.000Z	3	2	3	IE	100.0	4	3	1
2016-06-01T01:00:00.000Z	3	2		Chrome		16	0	0
2016-06-01T01:00:00.000Z	3	2		IE	70.0	18	1	1
2016-06-01T01:00:00.000Z	3	2		NA		1	0	0
2016-06-01T01:00:00.000Z	3	2		Safari		3	0	0
2016-06-01T01:00:00.000Z	4	1	1			3	0	0
2016-06-01T01:00:00.000Z	4	1	-1	Chrome		1	0	0
2016-06-01T01:00:00.000Z	4	1	1	Chrome	533.0	194	11	1
2016-06-01T01:00:00.000Z	4	1	1	FireFox		34	0	0
2016-06-01T01:00:00.000Z	4	1	1	IE		180	0	0
2016-06-01T01:00:00.000Z	4	1	1	NA		6	0	0
2016-06-01T01:00:00.000Z	4	1	-1	Safari		1	0	0
2016-06-01T01:00:00.000Z	4	1	1	Safari		26	0	0
2016-06-01T01:00:00.000Z	4	1	2	Chrome	533.0	158	11	1
2016-06-01T01:00:00.000Z	4	1	2	FireFox		23	0	0
2016-06-01T01:00:00.000Z	4	1	2	IE		155	0	0
2016-06-01T01:00:00.000Z	4	1	2	NA		2	0	0
2016-06-01T01:00:00.000Z	4	1	2	Safari		29	0	0
2016-06-01T01:00:00.000Z	4	1	3			5	0	0
2016-06-01T01:00:00.000Z	4	1	3	Chrome		116	0	0
2016-06-01T01:00:00.000Z	4	1	3	FireFox		23	0	0
2016-06-01T01:00:00.000Z	4	1	3	IE		123	0	0
2016-06-01T01:00:00.000Z	4	1	3	NA		2	0	0
2016-06-01T01:00:00.000Z	4	1	3	Safari		28	0	0
2016-06-01T01:00:00.000Z	4	1		Chrome		2	0	0
2016-06-01T01:00:00.000Z	4	1		IE		9	0	0
2016-06-01T01:00:00.000Z	4	1		Safari		2	0	0
2016-06-01T01:00:00.000Z	4	2	-1			4	0	0
2016-06-01T01:00:00.000Z	4	2	1	Chrome		1	0	0
2016-06-01T01:00:00.000Z	4	2	-1	Chrome		164	0	0
2016-06-01T01:00:00.000Z	4	2	-1	FireFox		23	0	0
2016-06-01T01:00:00.000Z	4	2	1	IE		1	0	0
2016-06-01T01:00:00.000Z	4	2	-1	IE		146	0	0
2016-06-01T01:00:00.000Z	4	2	-1	NA		4	0	0
2016-06-01T01:00:00.000Z	4	2	-1	Safari		28	0	0
2016-06-01T01:00:00.000Z	4	2	2	FireFox		1	0	0
2016-06-01T01:00:00.000Z	4	2		Chrome		3	0	0
2016-06-01T01:00:00.000Z	4	2		IE		2	0	0
2016-06-01T01:00:00.000Z	4	2		Safari		2	0	0
2016-06-01T02:00:00.000Z	1	1	1	Chrome		3	0	0
2016-06-01T02:00:00.000Z	1	1	1	IE		2	0	0
2016-06-01T02:00:00.000Z	1	1	1	Safari		1	0	0
2016-06-01T02:00:00.000Z	1	1	2	Chrome	121.0	4	3	1
2016-06-01T02:00:00.000Z	1	1	2	FireFox		2	0	0
2016-06-01T02:00:00.000Z	1	1	2	IE		2	0	0
2016-06-01T02:00:00.000Z	1	1	2	Safari	296.0	1	6	1
2016-06-01T02:00:00.000Z	1	1	3	Chrome	217.0	6	5	1
2016-06-01T02:00:00.000Z	1	1	3	IE		4	0	0
2016-06-01T02:00:00.000Z	1	2	-1	Chrome	844.0	6	17	2
2016-06-01T02:00:00.000Z	1	2	-1	IE		8	0	0
2016-06-01T02:00:00.000Z	1	2	3	IE	187.0	1	5	1
2016-06-01T02:00:00.000Z	2	1	1			13	0	0
2016-06-01T02:00:00.000Z	2	1	1	Chrome	12844.0	471	271	46
2016-06-01T02:00:00.000Z	2	1	-1	Chrome	420.0	2	7	1
2016-06-01T02:00:00.000Z	2	1	1	FireFox	1635.0	73	33	6
2016-06-01T02:00:00.000Z	2	1	1	IE	10566.0	442	214	33
2016-06-01T02:00:00.000Z	2	1	-1	IE		2	0	0
2016-06-01T02:00:00.000Z	2	1	1	NA		11	0	0
2016-06-01T02:00:00.000Z	2	1	1	Safari	1548.0	71	25	3
2016-06-01T02:00:00.000Z	2	1	2		246.0	9	5	1
2016-06-01T02:00:00.000Z	2	1	2	Chrome	16051.0	379	332	44
2016-06-01T02:00:00.000Z	2	1	2	FireFox	4676.0	58	87	10
2016-06-01T02:00:00.000Z	2	1	2	IE	11035.0	371	225	41
2016-06-01T02:00:00.000Z	2	1	2	NA	1112.0	7	20	1
2016-06-01T02:00:00.000Z	2	1	2	Safari	1044.0	45	18	6
2016-06-01T02:00:00.000Z	2	1	3		260.0	5	5	1
2016-06-01T02:00:00.000Z	2	1	3	Chrome	10201.0	280	209	35
2016-06-01T02:00:00.000Z	2	1	3	FireFox	1319.0	41	28	2
2016-06-01T02:00:00.000Z	2	1	3	IE	9306.0	308	199	26
2016-06-01T02:00:00.000Z	2	1	3	NA	584.0	9	13	3
2016-06-01T02:00:00.000Z	2	1	3	Safari	1821.0	57	33	6
2016-06-01T02:00:00.000Z	2	1		Chrome		8	0	0
2016-06-01T02:00:00.000Z	2	1		IE	170.0	11	3	1
2016-06-01T02:00:00.000Z	2	1		Safari		2	0	0
2016-06-01T02:00:00.000Z	2	2	-1			9	0	0
2016-06-01T02:00:00.000Z	2	2	-1	Chrome	11427.0	390	239	32
2016-06-01T02:00:00.000Z	2	2	1	Chrome		2	0	0
2016-06-01T02:00:00.000Z	2	2	-1	FireFox	1772.0	67	34	3
2016-06-01T02:00:00.000Z	2	2	-1	IE	14549.0	334	290	36
2016-06-01T02:00:00.000Z	2	2	1	IE	45.0	1	2	1
2016-06-01T02:00:00.000Z	2	2	-1	NA	1050.0	14	20	4
2016-06-01T02:00:00.000Z	2	2	-1	Safari	343.0	46	11	2
2016-06-01T02:00:00.000Z	2	2	2	IE	923.0	4	17	2
2016-06-01T02:00:00.000Z	2	2	2	NA		1	0	0
2016-06-01T02:00:00.000Z	2	2		Chrome	251.0	4	5	1
2016-06-01T02:00:00.000Z	2	2		FireFox		1	0	0
2016-06-01T02:00:00.000Z	2	2		IE	487.0	1	7	1
2016-06-01T02:00:00.000Z	3	1	1			31	0	0
2016-06-01T02:00:00.000Z	3	1	1	Chrome	11823.0	1505	224	37
2016-06-01T02:00:00.000Z	3	1	-1	Chrome	23.0	13	2	1
2016-06-01T02:00:00.000Z	3	1	1	FireFox	2410.0	249	53	7
2016-06-01T02:00:00.000Z	3	1	-1	FireFox		3	0	0
2016-06-01T02:00:00.000Z	3	1	-1	IE	1083.0	7	22	2
2016-06-01T02:00:00.000Z	3	1	1	IE	16881.0	1458	346	47
2016-06-01T02:00:00.000Z	3	1	1	NA		35	0	0
2016-06-01T02:00:00.000Z	3	1	1	Safari	1381.0	220	31	5
2016-06-01T02:00:00.000Z	3	1	2			28	0	0
2016-06-01T02:00:00.000Z	3	1	2	Chrome	13174.0	1184	267	45
2016-06-01T02:00:00.000Z	3	1	2	FireFox	2913.0	208	53	8
2016-06-01T02:00:00.000Z	3	1	2	IE	13846.0	1214	283	41
2016-06-01T02:00:00.000Z	3	1	2	NA		29	0	0
2016-06-01T02:00:00.000Z	3	1	2	Safari	2073.0	207	45	7
2016-06-01T02:00:00.000Z	3	1	3		116.0	19	3	1
2016-06-01T02:00:00.000Z	3	1	3	Chrome	11974.0	997	249	39
2016-06-01T02:00:00.000Z	3	1	3	FireFox	2515.0	166	47	6
2016-06-01T02:00:00.000Z	3	1	3	IE	15551.0	1020	306	44
2016-06-01T02:00:00.000Z	3	1	3	NA		23	0	0
2016-06-01T02:00:00.000Z	3	1	3	Safari	1652.0	149	28	4
2016-06-01T02:00:00.000Z	3	1		Chrome	272.0	42	10	2
2016-06-01T02:00:00.000Z	3	1		FireFox		3	0	0
2016-06-01T02:00:00.000Z	3	1		IE	271.0	34	6	1
2016-06-01T02:00:00.000Z	3	1		Safari	8.0	7	1	1
2016-06-01T02:00:00.000Z	3	2	-1			27	0	0
2016-06-01T02:00:00.000Z	3	2	-1	Chrome	11037.0	1206	221	36
2016-06-01T02:00:00.000Z	3	2	1	Chrome	777.0	5	15	4
2016-06-01T02:00:00.000Z	3	2	-1	FireFox	6073.0	238	128	13
2016-06-01T02:00:00.000Z	3	2	-1	IE	14600.0	1178	286	40
2016-06-01T02:00:00.000Z	3	2	1	IE		4	0	0
2016-06-01T02:00:00.000Z	3	2	-1	NA	920.0	32	19	2
2016-06-01T02:00:00.000Z	3	2	-1	Safari	1503.0	186	27	4
2016-06-01T02:00:00.000Z	3	2	1	Safari		2	0	0
2016-06-01T02:00:00.000Z	3	2	2	Chrome		6	0	0
2016-06-01T02:00:00.000Z	3	2	2	IE	221.0	3	3	1
2016-06-01T02:00:00.000Z	3	2	2	Safari		1	0	0
2016-06-01T02:00:00.000Z	3	2	3	Chrome	477.0	3	9	1
2016-06-01T02:00:00.000Z	3	2	3	IE		1	0	0
2016-06-01T02:00:00.000Z	3	2		Chrome		9	0	0
2016-06-01T02:00:00.000Z	3	2		FireFox		2	0	0
2016-06-01T02:00:00.000Z	3	2		IE		17	0	0
2016-06-01T02:00:00.000Z	3	2		Safari		6	0	0
2016-06-01T02:00:00.000Z	4	1	1			3	0	0
2016-06-01T02:00:00.000Z	4	1	1	Chrome		175	0	0
2016-06-01T02:00:00.000Z	4	1	1	FireFox		30	0	0
2016-06-01T02:00:00.000Z	4	1	-1	IE		1	0	0
2016-06-01T02:00:00.000Z	4	1	1	IE		200	0	0
2016-06-01T02:00:00.000Z	4	1	1	NA		5	0	0
2016-06-01T02:00:00.000Z	4	1	1	Safari		35	0	0
2016-06-01T02:00:00.000Z	4	1	2			5	0	0
2016-06-01T02:00:00.000Z	4	1	2	Chrome		166	0	0
2016-06-01T02:00:00.000Z	4	1	2	FireFox		20	0	0
2016-06-01T02:00:00.000Z	4	1	2	IE		168	0	0
2016-06-01T02:00:00.000Z	4	1	2	NA		2	0	0
2016-06-01T02:00:00.000Z	4	1	2	Safari		18	0	0
2016-06-01T02:00:00.000Z	4	1	3	Chrome		125	0	0
2016-06-01T02:00:00.000Z	4	1	3	FireFox		18	0	0
2016-06-01T02:00:00.000Z	4	1	3	IE		134	0	0
2016-06-01T02:00:00.000Z	4	1	3	NA		1	0	0
2016-06-01T02:00:00.000Z	4	1	3	Safari		27	0	0
2016-06-01T02:00:00.000Z	4	1		Chrome		5	0	0
2016-06-01T02:00:00.000Z	4	1		FireFox		2	0	0
2016-06-01T02:00:00.000Z	4	1		IE		4	0	0
2016-06-01T02:00:00.000Z	4	1		Safari		1	0	0
2016-06-01T02:00:00.000Z	4	2	-1			4	0	0
2016-06-01T02:00:00.000Z	4	2	-1	Chrome		180	0	0
2016-06-01T02:00:00.000Z	4	2	-1	FireFox		30	0	0
2016-06-01T02:00:00.000Z	4	2	-1	IE		143	0	0
2016-06-01T02:00:00.000Z	4	2	-1	NA		3	0	0
2016-06-01T02:00:00.000Z	4	2	-1	Safari		35	0	0
2016-06-01T02:00:00.000Z	4	2		Chrome		2	0	0
2016-06-01T03:00:00.000Z	1	1	1	Chrome		3	0	0
2016-06-01T03:00:00.000Z	1	1	1	IE	317.0	3	7	1
2016-06-01T03:00:00.000Z	1	1	1	Safari		1	0	0
2016-06-01T03:00:00.000Z	1	1	2	Chrome		4	0	0
2016-06-01T03:00:00.000Z	1	1	2	IE		1	0	0
2016-06-01T03:00:00.000Z	1	1	2	Safari		1	0	0
2016-06-01T03:00:00.000Z	1	1	3	IE		6	0	0
2016-06-01T03:00:00.000Z	1	2	-1	Chrome	153.0	3	4	1
2016-06-01T03:00:00.000Z	1	2	-1	FireFox		1	0	0
2016-06-01T03:00:00.000Z	1	2	-1	IE	205.0	2	3	1
2016-06-01T03:00:00.000Z	1	2	-1	Safari		1	0	0
2016-06-01T03:00:00.000Z	2	1	1			10	0	0
2016-06-01T03:00:00.000Z	2	1	1	Chrome	12569.0	431	257	41
2016-06-01T03:00:00.000Z	2	1	-1	Chrome	448.0	4	8	2
2016-06-01T03:00:00.000Z	2	1	1	FireFox	2165.0	76	48	6
2016-06-01T03:00:00.000Z	2	1	-1	IE		1	0	0
2016-06-01T03:00:00.000Z	2	1	1	IE	11692.0	432	243	38
2016-06-01T03:00:00.000Z	2	1	1	NA	199.0	8	3	1
2016-06-01T03:00:00.000Z	2	1	1	Safari	2307.0	60	42	4
2016-06-01T03:00:00.000Z	2	1	2		207.0	9	6	2
2016-06-01T03:00:00.000Z	2	1	2	Chrome	11977.0	425	234	37
2016-06-01T03:00:00.000Z	2	1	2	FireFox	2785.0	65	55	7
2016-06-01T03:00:00.000Z	2	1	2	IE	10832.0	370	222	36
2016-06-01T03:00:00.000Z	2	1	2	NA	159.0	11	5	1
2016-06-01T03:00:00.000Z	2	1	2	Safari	1513.0	64	32	8
2016-06-01T03:00:00.000Z	2	1	3			9	0	0
2016-06-01T03:00:00.000Z	2	1	3	Chrome	11078.0	312	230	33
2016-06-01T03:00:00.000Z	2	1	3	FireFox	721.0	42	16	3
2016-06-01T03:00:00.000Z	2	1	3	IE	8747.0	290	177	25
2016-06-01T03:00:00.000Z	2	1	3	NA		2	0	0
2016-06-01T03:00:00.000Z	2	1	3	Safari	2189.0	54	41	4
2016-06-01T03:00:00.000Z	2	1		Chrome		12	0	0
2016-06-01T03:00:00.000Z	2	1		FireFox	681.0	6	17	2
2016-06-01T03:00:00.000Z	2	1		IE	35.0	10	1	1
2016-06-01T03:00:00.000Z	2	1		Safari	66.0	5	1	1
2016-06-01T03:00:00.000Z	2	2	-1			6	0	0
2016-06-01T03:00:00.000Z	2	2	-1	Chrome	10663.0	342	218	28
2016-06-01T03:00:00.000Z	2	2	1	Chrome	527.0	1	12	1
2016-06-01T03:00:00.000Z	2	2	-1	FireFox	671.0	66	12	3
2016-06-01T03:00:00.000Z	2	2	1	IE		1	0	0
2016-06-01T03:00:00.000Z	2	2	-1	IE	12320.0	389	253	36
2016-06-01T03:00:00.000Z	2	2	-1	NA		7	0	0
2016-06-01T03:00:00.000Z	2	2	-1	Safari	859.0	70	16	5
2016-06-01T03:00:00.000Z	2	2	2	Chrome		1	0	0
2016-06-01T03:00:00.000Z	2	2	2	IE	278.0	2	5	1
2016-06-01T03:00:00.000Z	2	2		Chrome		1	0	0
2016-06-01T03:00:00.000Z	2	2		IE		4	0	0
2016-06-01T03:00:00.000Z	2	2		NA		1	0	0
2016-06-01T03:00:00.000Z	3	1	1		96.0	32	1	1
2016-06-01T03:00:00.000Z	3	1	-1	Chrome	100.0	12	3	1
2016-06-01T03:00:00.000Z	3	1	1	Chrome	14777.0	1491	290	50
2016-06-01T03:00:00.000Z	3	1	-1	FireFox		1	0	0
2016-06-01T03:00:00.000Z	3	1	1	FireFox	2067.0	241	43	6
2016-06-01T03:00:00.000Z	3	1	1	IE	17284.0	1471	343	46
2016-06-01T03:00:00.000Z	3	1	-1	IE		8	0	0
2016-06-01T03:00:00.000Z	3	1	1	NA		38	0	0
2016-06-01T03:00:00.000Z	3	1	-1	Safari		1	0	0
2016-06-01T03:00:00.000Z	3	1	1	Safari	4317.0	239	92	12
2016-06-01T03:00:00.000Z	3	1	2			18	0	0
2016-06-01T03:00:00.000Z	3	1	2	Chrome	17842.0	1206	346	47
2016-06-01T03:00:00.000Z	3	1	2	FireFox	2297.0	201	38	6
2016-06-01T03:00:00.000Z	3	1	2	IE	17164.0	1235	352	51
2016-06-01T03:00:00.000Z	3	1	2	NA	1169.0	30	24	3
2016-06-01T03:00:00.000Z	3	1	2	Safari	1496.0	214	31	10
2016-06-01T03:00:00.000Z	3	1	3			17	0	0
2016-06-01T03:00:00.000Z	3	1	3	Chrome	15743.0	964	330	43
2016-06-01T03:00:00.000Z	3	1	3	FireFox	3867.0	173	72	10
2016-06-01T03:00:00.000Z	3	1	3	IE	12091.0	956	252	42
2016-06-01T03:00:00.000Z	3	1	3	NA	410.0	24	7	1
2016-06-01T03:00:00.000Z	3	1	3	Safari	4356.0	175	87	8
2016-06-01T03:00:00.000Z	3	1		Chrome		43	0	0
2016-06-01T03:00:00.000Z	3	1		FireFox		5	0	0
2016-06-01T03:00:00.000Z	3	1		IE	104.0	37	4	1
2016-06-01T03:00:00.000Z	3	1		NA		2	0	0
2016-06-01T03:00:00.000Z	3	1		Safari		4	0	0
2016-06-01T03:00:00.000Z	3	2	-1		198.0	30	4	1
2016-06-01T03:00:00.000Z	3	2	-1	Chrome	10965.0	1197	214	37
2016-06-01T03:00:00.000Z	3	2	1	Chrome	311.0	6	7	1
2016-06-01T03:00:00.000Z	3	2	1	FireFox		1	0	0
2016-06-01T03:00:00.000Z	3	2	-1	FireFox	1264.0	197	24	4
2016-06-01T03:00:00.000Z	3	2	1	IE		2	0	0
2016-06-01T03:00:00.000Z	3	2	-1	IE	8231.0	1147	155	27
2016-06-01T03:00:00.000Z	3	2	-1	NA		24	0	0
2016-06-01T03:00:00.000Z	3	2	-1	Safari	866.0	179	13	5
2016-06-01T03:00:00.000Z	3	2	2	Chrome	77.0	6	1	1
2016-06-01T03:00:00.000Z	3	2	2	FireFox		2	0	0
2016-06-01T03:00:00.000Z	3	2	2	IE		4	0	0
2016-06-01T03:00:00.000Z	3	2	3	Chrome		2	0	0
2016-06-01T03:00:00.000Z	3	2	3	FireFox		1	0	0
2016-06-01T03:00:00.000Z	3	2	3	IE		4	0	0
2016-06-01T03:00:00.000Z	3	2	3	Safari	663.0	1	18	1
2016-06-01T03:00:00.000Z	3	2		Chrome	291.0	7	6	1
2016-06-01T03:00:00.000Z	3	2		FireFox		4	0	0
2016-06-01T03:00:00.000Z	3	2		IE		6	0	0
2016-06-01T03:00:00.000Z	3	2		NA		2	0	0
2016-06-01T03:00:00.000Z	3	2		Safari		3	0	0
2016-06-01T03:00:00.000Z	4	1	1			3	0	0
2016-06-01T03:00:00.000Z	4	1	1	Chrome		223	0	0
2016-06-01T03:00:00.000Z	4	1	1	FireFox		29	0	0
2016-06-01T03:00:00.000Z	4	1	-1	IE	284.0	3	5	1
2016-06-01T03:00:00.000Z	4	1	1	IE	817.0	193	16	2
2016-06-01T03:00:00.000Z	4	1	1	NA		5	0	0
2016-06-01T03:00:00.000Z	4	1	1	Safari		38	0	0
2016-06-01T03:00:00.000Z	4	1	2			10	0	0
2016-06-01T03:00:00.000Z	4	1	2	Chrome		184	0	0
2016-06-01T03:00:00.000Z	4	1	2	FireFox		34	0	0
2016-06-01T03:00:00.000Z	4	1	2	IE	533.0	176	11	1
2016-06-01T03:00:00.000Z	4	1	2	NA		4	0	0
2016-06-01T03:00:00.000Z	4	1	2	Safari		29	0	0
2016-06-01T03:00:00.000Z	4	1	3			2	0	0
2016-06-01T03:00:00.000Z	4	1	3	Chrome		135	0	0
2016-06-01T03:00:00.000Z	4	1	3	FireFox		21	0	0
2016-06-01T03:00:00.000Z	4	1	3	IE		116	0	0
2016-06-01T03:00:00.000Z	4	1	3	NA		5	0	0
2016-06-01T03:00:00.000Z	4	1	3	Safari		27	0	0
2016-06-01T03:00:00.000Z	4	1		Chrome		4	0	0
2016-06-01T03:00:00.000Z	4	1		FireFox		1	0	0
2016-06-01T03:00:00.000Z	4	1		IE		2	0	0
2016-06-01T03:00:00.000Z	4	1		Safari		1	0	0
2016-06-01T03:00:00.000Z	4	2	-1			3	0	0
2016-06-01T03:00:00.000Z	4	2	-1	Chrome		154	0	0
2016-06-01T03:00:00.000Z	4	2	1	Chrome		2	0	0
2016-06-01T03:00:00.000Z	4	2	-1	FireFox		26	0	0
2016-06-01T03:00:00.000Z	4	2	-1	IE		148	0	0
2016-06-01T03:00:00.000Z	4	2	1	IE		3	0	0
2016-06-01T03:00:00.000Z	4	2	-1	NA		3	0	0
2016-06-01T03:00:00.000Z	4	2	-1	Safari		30	0	0
2016-06-01T03:00:00.000Z	4	2	2	Chrome		2	0	0
2016-06-01T03:00:00.000Z	4	2	2	IE		2	0	0
2016-06-01T03:00:00.000Z	4	2		FireFox		1	0	0
2016-06-01T03:00:00.000Z	4	2		IE		2	0	0
2016-06-01T04:00:00.000Z	1	1	1			1	0	0
2016-06-01T04:00:00.000Z	1	1	1	Chrome		3	0	0
2016-06-01T04:00:00.000Z	1	1	1	FireFox		1	0	0
2016-06-01T04:00:00.000Z	1	1	1	IE		3	0	0
2016-06-01T04:00:00.000Z	1	1	1	Safari		1	0	0
2016-06-01T04:00:00.000Z	1	1	2	Chrome		5	0	0
2016-06-01T04:00:00.000Z	1	1	2	IE		3	0	0
2016-06-01T04:00:00.000Z	1	1	3	Chrome		1	0	0
2016-06-01T04:00:00.000Z	1	2	-1	Chrome	894.0	4	20	2
2016-06-01T04:00:00.000Z	1	2	-1	FireFox		1	0	0
2016-06-01T04:00:00.000Z	1	2	-1	IE		1	0	0
2016-06-01T04:00:00.000Z	1	2		Safari		1	0	0
2016-06-01T04:00:00.000Z	2	1	1			7	0	0
2016-06-01T04:00:00.000Z	2	1	-1	Chrome		1	0	0
2016-06-01T04:00:00.000Z	2	1	1	Chrome	9945.0	361	200	29
2016-06-01T04:00:00.000Z	2	1	1	FireFox	931.0	52	17	6
2016-06-01T04:00:00.000Z	2	1	-1	IE	811.0	2	16	1
2016-06-01T04:00:00.000Z	2	1	1	IE	9431.0	411	198	29
2016-06-01T04:00:00.000Z	2	1	1	NA	205.0	12	3	1
2016-06-01T04:00:00.000Z	2	1	1	Safari	1006.0	62	20	2
2016-06-01T04:00:00.000Z	2	1	2			7	0	0
2016-06-01T04:00:00.000Z	2	1	2	Chrome	14074.0	323	280	38
2016-06-01T04:00:00.000Z	2	1	2	FireFox	1592.0	58	34	5
2016-06-01T04:00:00.000Z	2	1	2	IE	9895.0	364	199	33
2016-06-01T04:00:00.000Z	2	1	2	NA		4	0	0
2016-06-01T04:00:00.000Z	2	1	2	Safari	1355.0	50	31	4
2016-06-01T04:00:00.000Z	2	1	3			8	0	0
2016-06-01T04:00:00.000Z	2	1	3	Chrome	6941.0	247	142	19
2016-06-01T04:00:00.000Z	2	1	3	FireFox	2358.0	45	56	6
2016-06-01T04:00:00.000Z	2	1	3	IE	14192.0	347	269	39
2016-06-01T04:00:00.000Z	2	1	3	NA		1	0	0
2016-06-01T04:00:00.000Z	2	1	3	Safari	1042.0	53	30	5
2016-06-01T04:00:00.000Z	2	1		Chrome		9	0	0
2016-06-01T04:00:00.000Z	2	1		IE	823.0	13	14	2
2016-06-01T04:00:00.000Z	2	1		Safari		3	0	0
2016-06-01T04:00:00.000Z	2	2	-1		163.0	9	4	1
2016-06-01T04:00:00.000Z	2	2	-1	Chrome	6831.0	343	147	27
2016-06-01T04:00:00.000Z	2	2	-1	FireFox	2308.0	48	45	9
2016-06-01T04:00:00.000Z	2	2	-1	IE	12239.0	341	236	30
2016-06-01T04:00:00.000Z	2	2	1	IE	1582.0	4	29	3
2016-06-01T04:00:00.000Z	2	2	-1	NA	328.0	5	9	1
2016-06-01T04:00:00.000Z	2	2	-1	Safari	2290.0	48	39	4
2016-06-01T04:00:00.000Z	2	2	2	Chrome	836.0	4	17	4
2016-06-01T04:00:00.000Z	2	2	2	IE	210.0	2	5	1
2016-06-01T04:00:00.000Z	2	2	2	Safari	565.0	1	12	1
2016-06-01T04:00:00.000Z	2	2	3	Chrome	811.0	1	16	1
2016-06-01T04:00:00.000Z	2	2		Chrome		2	0	0
2016-06-01T04:00:00.000Z	2	2		FireFox	658.0	3	12	1
2016-06-01T04:00:00.000Z	2	2		IE		2	0	0
2016-06-01T04:00:00.000Z	2	2		NA		1	0	0
2016-06-01T04:00:00.000Z	3	1	1		183.0	37	4	2
2016-06-01T04:00:00.000Z	3	1	1	Chrome	17040.0	1457	337	41
2016-06-01T04:00:00.000Z	3	1	-1	Chrome	261.0	10	6	1
2016-06-01T04:00:00.000Z	3	1	1	FireFox	1945.0	213	46	9
2016-06-01T04:00:00.000Z	3	1	-1	FireFox		2	0	0
2016-06-01T04:00:00.000Z	3	1	1	IE	13427.0	1456	292	38
2016-06-01T04:00:00.000Z	3	1	-1	IE	693.0	12	13	2
2016-06-01T04:00:00.000Z	3	1	1	NA	749.0	30	19	2
2016-06-01T04:00:00.000Z	3	1	-1	Safari		1	0	0
2016-06-01T04:00:00.000Z	3	1	1	Safari	1231.0	244	22	3
2016-06-01T04:00:00.000Z	3	1	2		501.0	31	9	1
2016-06-01T04:00:00.000Z	3	1	2	Chrome	19111.0	1223	377	56
2016-06-01T04:00:00.000Z	3	1	2	FireFox	1814.0	206	37	9
2016-06-01T04:00:00.000Z	3	1	2	IE	14334.0	1187	293	42
2016-06-01T04:00:00.000Z	3	1	2	NA	642.0	24	11	2
2016-06-01T04:00:00.000Z	3	1	2	Safari	2068.0	201	40	10
2016-06-01T04:00:00.000Z	3	1	3		162.0	16	2	1
2016-06-01T04:00:00.000Z	3	1	3	Chrome	9463.0	989	194	35
2016-06-01T04:00:00.000Z	3	1	3	FireFox	1590.0	164	32	4
2016-06-01T04:00:00.000Z	3	1	3	IE	15192.0	897	322	45
2016-06-01T04:00:00.000Z	3	1	3	NA		32	0	0
2016-06-01T04:00:00.000Z	3	1	3	Safari	2117.0	179	50	4
2016-06-01T04:00:00.000Z	3	1		Chrome	89.0	36	2	1
2016-06-01T04:00:00.000Z	3	1		FireFox	234.0	4	5	1
2016-06-01T04:00:00.000Z	3	1		IE		35	0	0
2016-06-01T04:00:00.000Z	3	1		NA		2	0	0
2016-06-01T04:00:00.000Z	3	1		Safari		9	0	0
2016-06-01T04:00:00.000Z	3	2	-1			29	0	0
2016-06-01T04:00:00.000Z	3	2	1	Chrome		1	0	0
2016-06-01T04:00:00.000Z	3	2	-1	Chrome	14852.0	1175	285	42
2016-06-01T04:00:00.000Z	3	2	-1	FireFox	1223.0	192	29	4
2016-06-01T04:00:00.000Z	3	2	-1	IE	11877.0	1231	246	35
2016-06-01T04:00:00.000Z	3	2	1	IE	174.0	6	3	2
2016-06-01T04:00:00.000Z	3	2	-1	NA	142.0	34	5	2
2016-06-01T04:00:00.000Z	3	2	-1	Safari	1718.0	220	31	5
2016-06-01T04:00:00.000Z	3	2	2	Chrome		2	0	0
2016-06-01T04:00:00.000Z	3	2	2	IE	535.0	6	10	1
2016-06-01T04:00:00.000Z	3	2	3	Chrome		1	0	0
2016-06-01T04:00:00.000Z	3	2	3	FireFox	640.0	4	13	1
2016-06-01T04:00:00.000Z	3	2	3	IE		1	0	0
2016-06-01T04:00:00.000Z	3	2		Chrome	898.0	14	16	2
2016-06-01T04:00:00.000Z	3	2		FireFox		1	0	0
2016-06-01T04:00:00.000Z	3	2		IE	382.0	13	9	1
2016-06-01T04:00:00.000Z	3	2		NA		1	0	0
2016-06-01T04:00:00.000Z	3	2		Safari		2	0	0
2016-06-01T04:00:00.000Z	4	1	1			6	0	0
2016-06-01T04:00:00.000Z	4	1	1	Chrome		188	0	0
2016-06-01T04:00:00.000Z	4	1	-1	Chrome		2	0	0
2016-06-01T04:00:00.000Z	4	1	1	FireFox		30	0	0
2016-06-01T04:00:00.000Z	4	1	1	IE		199	0	0
2016-06-01T04:00:00.000Z	4	1	-1	IE		2	0	0
2016-06-01T04:00:00.000Z	4	1	1	NA		3	0	0
2016-06-01T04:00:00.000Z	4	1	1	Safari		31	0	0
2016-06-01T04:00:00.000Z	4	1	2			4	0	0
2016-06-01T04:00:00.000Z	4	1	2	Chrome		161	0	0
2016-06-01T04:00:00.000Z	4	1	2	FireFox		23	0	0
2016-06-01T04:00:00.000Z	4	1	2	IE		159	0	0
2016-06-01T04:00:00.000Z	4	1	2	NA		5	0	0
2016-06-01T04:00:00.000Z	4	1	2	Safari		29	0	0
2016-06-01T04:00:00.000Z	4	1	3			2	0	0
2016-06-01T04:00:00.000Z	4	1	3	Chrome		150	0	0
2016-06-01T04:00:00.000Z	4	1	3	FireFox		13	0	0
2016-06-01T04:00:00.000Z	4	1	3	IE		150	0	0
2016-06-01T04:00:00.000Z	4	1	3	NA		5	0	0
2016-06-01T04:00:00.000Z	4	1	3	Safari		27	0	0
2016-06-01T04:00:00.000Z	4	1		Chrome		6	0	0
2016-06-01T04:00:00.000Z	4	1		IE		5	0	0
2016-06-01T04:00:00.000Z	4	1		Safari		1	0	0
2016-06-01T04:00:00.000Z	4	2	-1			3	0	0
2016-06-01T04:00:00.000Z	4	2	1	Chrome		1	0	0
2016-06-01T04:00:00.000Z	4	2	-1	Chrome		175	0	0
2016-06-01T04:00:00.000Z	4	2	-1	FireFox		31	0	0
2016-06-01T04:00:00.000Z	4	2	1	IE		1	0	0
2016-06-01T04:00:00.000Z	4	2	-1	IE		154	0	0
2016-06-01T04:00:00.000Z	4	2	-1	NA		3	0	0
2016-06-01T04:00:00.000Z	4	2	-1	Safari		26	0	0
2016-06-01T04:00:00.000Z	4	2	2	Chrome		2	0	0
2016-06-01T04:00:00.000Z	4	2	2	IE		1	0	0
2016-06-01T04:00:00.000Z	4	2	3	Chrome		1	0	0
2016-06-01T04:00:00.000Z	4	2		Chrome		3	0	0
2016-06-01T05:00:00.000Z	1	1	1	Chrome	682.0	7	16	2
2016-06-01T05:00:00.000Z	1	1	1	IE	1311.0	5	21	2
2016-06-01T05:00:00.000Z	1	1	1	Safari		2	0	0
2016-06-01T05:00:00.000Z	1	1	2	Chrome	113.0	3	4	1
2016-06-01T05:00:00.000Z	1	1	2	IE		4	0	0
2016-06-01T05:00:00.000Z	1	1	2	Safari		1	0	0
2016-06-01T05:00:00.000Z	1	1	3	Chrome	170.0	1	4	1
2016-06-01T05:00:00.000Z	1	1	3	FireFox		1	0	0
2016-06-01T05:00:00.000Z	1	1	3	IE		3	0	0
2016-06-01T05:00:00.000Z	1	2	-1	Chrome		2	0	0
2016-06-01T05:00:00.000Z	1	2	-1	FireFox		1	0	0
2016-06-01T05:00:00.000Z	1	2	-1	IE		3	0	0
2016-06-01T05:00:00.000Z	2	1	1			8	0	0
2016-06-01T05:00:00.000Z	2	1	1	Chrome	15274.0	454	296	38
2016-06-01T05:00:00.000Z	2	1	-1	Chrome		2	0	0
2016-06-01T05:00:00.000Z	2	1	-1	FireFox		1	0	0
2016-06-01T05:00:00.000Z	2	1	1	FireFox	2522.0	77	51	6
2016-06-01T05:00:00.000Z	2	1	1	IE	11484.0	450	233	32
2016-06-01T05:00:00.000Z	2	1	-1	IE		4	0	0
2016-06-01T05:00:00.000Z	2	1	1	NA		6	0	0
2016-06-01T05:00:00.000Z	2	1	1	Safari	2215.0	70	41	7
2016-06-01T05:00:00.000Z	2	1	2		951.0	13	16	3
2016-06-01T05:00:00.000Z	2	1	2	Chrome	12780.0	347	260	36
2016-06-01T05:00:00.000Z	2	1	2	FireFox	3380.0	57	72	7
2016-06-01T05:00:00.000Z	2	1	2	IE	12951.0	350	282	36
2016-06-01T05:00:00.000Z	2	1	2	NA	277.0	14	4	2
2016-06-01T05:00:00.000Z	2	1	2	Safari	3757.0	56	77	6
2016-06-01T05:00:00.000Z	2	1	3			8	0	0
2016-06-01T05:00:00.000Z	2	1	3	Chrome	11285.0	286	213	33
2016-06-01T05:00:00.000Z	2	1	3	FireFox	2039.0	47	35	4
2016-06-01T05:00:00.000Z	2	1	3	IE	16239.0	311	329	44
2016-06-01T05:00:00.000Z	2	1	3	NA	650.0	15	13	2
2016-06-01T05:00:00.000Z	2	1	3	Safari	3889.0	48	73	8
2016-06-01T05:00:00.000Z	2	1		Chrome	807.0	17	19	2
2016-06-01T05:00:00.000Z	2	1		FireFox		1	0	0
2016-06-01T05:00:00.000Z	2	1		IE	756.0	12	16	3
2016-06-01T05:00:00.000Z	2	1		Safari		1	0	0
2016-06-01T05:00:00.000Z	2	2	-1		689.0	2	12	1
2016-06-01T05:00:00.000Z	2	2	-1	Chrome	7156.0	371	156	29
2016-06-01T05:00:00.000Z	2	2	-1	FireFox	1824.0	53	34	5
2016-06-01T05:00:00.000Z	2	2	-1	IE	5411.0	336	116	19
2016-06-01T05:00:00.000Z	2	2	-1	NA	381.0	11	7	1
2016-06-01T05:00:00.000Z	2	2	-1	Safari	27.0	61	1	1
2016-06-01T05:00:00.000Z	2	2	1	Safari	83.0	1	4	1
2016-06-01T05:00:00.000Z	2	2	3	Chrome		3	0	0
2016-06-01T05:00:00.000Z	2	2		Chrome	621.0	6	14	1
2016-06-01T05:00:00.000Z	2	2		IE		1	0	0
2016-06-01T05:00:00.000Z	2	2		NA		1	0	0
2016-06-01T05:00:00.000Z	3	1	1		1782.0	36	29	3
2016-06-01T05:00:00.000Z	3	1	1	Chrome	16577.0	1441	337	45
2016-06-01T05:00:00.000Z	3	1	-1	Chrome	56.0	18	1	1
2016-06-01T05:00:00.000Z	3	1	1	FireFox	614.0	216	17	4
2016-06-01T05:00:00.000Z	3	1	1	IE	13045.0	1479	269	41
2016-06-01T05:00:00.000Z	3	1	-1	IE		7	0	0
2016-06-01T05:00:00.000Z	3	1	1	NA	166.0	28	5	2
2016-06-01T05:00:00.000Z	3	1	1	Safari	3731.0	281	82	12
2016-06-01T05:00:00.000Z	3	1	-1	Safari	443.0	3	9	1
2016-06-01T05:00:00.000Z	3	1	2		447.0	32	10	1
2016-06-01T05:00:00.000Z	3	1	2	Chrome	18025.0	1226	364	52
2016-06-01T05:00:00.000Z	3	1	2	FireFox	3704.0	199	69	8
2016-06-01T05:00:00.000Z	3	1	2	IE	16561.0	1217	313	44
2016-06-01T05:00:00.000Z	3	1	2	NA	92.0	26	2	1
2016-06-01T05:00:00.000Z	3	1	2	Safari	1665.0	190	36	7
2016-06-01T05:00:00.000Z	3	1	3		228.0	21	5	1
2016-06-01T05:00:00.000Z	3	1	3	Chrome	10647.0	997	202	35
2016-06-01T05:00:00.000Z	3	1	3	FireFox	2162.0	196	44	8
2016-06-01T05:00:00.000Z	3	1	3	IE	10620.0	972	222	37
2016-06-01T05:00:00.000Z	3	1	3	NA	248.0	19	6	1
2016-06-01T05:00:00.000Z	3	1	3	Safari	2510.0	156	56	6
2016-06-01T05:00:00.000Z	3	1		Chrome		36	0	0
2016-06-01T05:00:00.000Z	3	1		FireFox		8	0	0
2016-06-01T05:00:00.000Z	3	1		IE		35	0	0
2016-06-01T05:00:00.000Z	3	1		NA		2	0	0
2016-06-01T05:00:00.000Z	3	1		Safari	237.0	6	5	1
2016-06-01T05:00:00.000Z	3	2	-1			34	0	0
2016-06-01T05:00:00.000Z	3	2	-1	Chrome	14130.0	1243	280	39
2016-06-01T05:00:00.000Z	3	2	1	Chrome		9	0	0
2016-06-01T05:00:00.000Z	3	2	1	FireFox		2	0	0
2016-06-01T05:00:00.000Z	3	2	-1	FireFox	961.0	220	23	7
2016-06-01T05:00:00.000Z	3	2	-1	IE	13633.0	1136	263	40
2016-06-01T05:00:00.000Z	3	2	1	IE	211.0	4	3	1
2016-06-01T05:00:00.000Z	3	2	1	NA		1	0	0
2016-06-01T05:00:00.000Z	3	2	-1	NA		29	0	0
2016-06-01T05:00:00.000Z	3	2	1	Safari		1	0	0
2016-06-01T05:00:00.000Z	3	2	-1	Safari	2211.0	178	42	5
2016-06-01T05:00:00.000Z	3	2	2	Chrome	231.0	4	4	1
2016-06-01T05:00:00.000Z	3	2	2	FireFox		1	0	0
2016-06-01T05:00:00.000Z	3	2	2	IE		1	0	0
2016-06-01T05:00:00.000Z	3	2	3	Chrome		1	0	0
2016-06-01T05:00:00.000Z	3	2	3	IE		4	0	0
2016-06-01T05:00:00.000Z	3	2		Chrome	61.0	13	1	1
2016-06-01T05:00:00.000Z	3	2		FireFox		1	0	0
2016-06-01T05:00:00.000Z	3	2		IE	325.0	11	4	1
2016-06-01T05:00:00.000Z	3	2		Safari		1	0	0
2016-06-01T05:00:00.000Z	4	1	1			9	0	0
2016-06-01T05:00:00.000Z	4	1	-1	Chrome		1	0	0
2016-06-01T05:00:00.000Z	4	1	1	Chrome		190	0	0
2016-06-01T05:00:00.000Z	4	1	1	FireFox		33	0	0
2016-06-01T05:00:00.000Z	4	1	-1	IE		1	0	0
2016-06-01T05:00:00.000Z	4	1	1	IE		214	0	0
2016-06-01T05:00:00.000Z	4	1	1	NA		4	0	0
2016-06-01T05:00:00.000Z	4	1	1	Safari		27	0	0
2016-06-01T05:00:00.000Z	4	1	2			4	0	0
2016-06-01T05:00:00.000Z	4	1	2	Chrome		160	0	0
2016-06-01T05:00:00.000Z	4	1	2	FireFox		18	0	0
2016-06-01T05:00:00.000Z	4	1	2	IE		163	0	0
2016-06-01T05:00:00.000Z	4	1	2	NA		6	0	0
2016-06-01T05:00:00.000Z	4	1	2	Safari		25	0	0
2016-06-01T05:00:00.000Z	4	1	3			5	0	0
2016-06-01T05:00:00.000Z	4	1	3	Chrome		124	0	0
2016-06-01T05:00:00.000Z	4	1	3	FireFox		26	0	0
2016-06-01T05:00:00.000Z	4	1	3	IE		132	0	0
2016-06-01T05:00:00.000Z	4	1	3	NA		3	0	0
2016-06-01T05:00:00.000Z	4	1	3	Safari		25	0	0
2016-06-01T05:00:00.000Z	4	1		Chrome		2	0	0
2016-06-01T05:00:00.000Z	4	1		IE		5	0	0
2016-06-01T05:00:00.000Z	4	2	-1			5	0	0
2016-06-01T05:00:00.000Z	4	2	-1	Chrome		140	0	0
2016-06-01T05:00:00.000Z	4	2	-1	FireFox		31	0	0
2016-06-01T05:00:00.000Z	4	2	-1	IE	393.0	179	9	1
2016-06-01T05:00:00.000Z	4	2	-1	NA		1	0	0
2016-06-01T05:00:00.000Z	4	2	-1	Safari		24	0	0
2016-06-01T05:00:00.000Z	4	2	2	IE	393.0	2	9	1
2016-06-01T05:00:00.000Z	4	2	3	Chrome		2	0	0
2016-06-01T05:00:00.000Z	4	2	3	IE		2	0	0
2016-06-01T06:00:00.000Z	2	1	1	FireFox		1	0	0
2016-06-01T06:00:00.000Z	2	1	1	IE		1	0	0
2016-06-01T06:00:00.000Z	2	1	1	Safari		2	0	0
2016-06-01T06:00:00.000Z	2	2	-1	IE		1	0	0
2016-06-01T06:00:00.000Z	3	1	1	Chrome		4	0	0
2016-06-01T06:00:00.000Z	3	1	1	IE		1	0	0
2016-06-01T06:00:00.000Z	3	1	2	Chrome		2	0	0
2016-06-01T06:00:00.000Z	3	1	2	FireFox		1	0	0
2016-06-01T06:00:00.000Z	3	1	2	IE		2	0	0
2016-06-01T06:00:00.000Z	3	1	3	Chrome		1	0	0
2016-06-01T06:00:00.000Z	3	2	-1	Chrome		1	0	0
2016-06-01T06:00:00.000Z	3	2	-1	IE		2	0	0
2016-06-01T06:00:00.000Z	4	1	3	Chrome		1	0	0
2016-06-01T06:00:00.000Z	4	1	3	IE		1	0	0
2016-06-01T06:00:00.000Z	4	2	-1	Chrome		2	0	0
